attempt_number,orders_reaching_attempt,orders_success_at_attempt,recovered_revenue
1,373626,339920,0
4,8019,7747,671243.4
2,115781,107307,9106631.5599999987
3,32057,29884,2567286.2299999995
